Ссылка; Позиция; Оценка трафика с поиска; Ключей в топ 1;Ключей в топ 5;Ключей в топ 10;Ключей в топ 50; Страница в топ 1;Страница в топ 5;Страница в топ 10;Страница в топ 50;
https://ms-stroy.ru/;1;1018;215;490;744;2358;58;147;229;678
https://plus-dom.ru/;2;1911;117;485;1048;6158;42;119;218;979
https://m.avito.ru/moskva?q=%D1%81%D1%82%D1%80%D0%BE%D0%B8%D1%82%D0%B5%D0%BB%D1%8C%D1%81%D1%82%D0%B2%D0%BE+%D0%B4%D0%BE%D0%BC%D0%BE%D0%B2;3;4944052;2059349;7535403;11385898;19868642;9;23;23;26
https://detinez.ru/;4;3700;2442;5464;7382;15814;148;343;498;1399
https://uslugi.yandex.ru/213-moscow/category?text=строительство домов под ключ;5;334921;149764;992375;1444995;2964519;10;114;179;299
https://domclick.ru/stroitelstvo-domov;6;163562;5842;105617;202280;362498;23;159;258;1551
https://yandex.ru/maps/213/moscow/search/строительство домов;7;27650625;7986891;23135265;31391699;51540817;25;115;183;286
https://vigvam.ru/;8;1790;326;1710;3437;10514;43;157;308;879
https://realty.yandex.ru/journal/post/kak-i-iz-chego-budemstroit-tehnologii-stroitelstva-zagorodnyh-domov;9;651110;258992;911870;1211747;2328020;72;269;452;849
https://sk-teremok.ru/;10;249;101;766;1959;8003;34;37;52;431
https://fjorden.ru/;11;24;29;102;170;697;10;21;33;201
https://profi.ru/remont/stroitelstvo-domov;12;118983;23690;311515;625513;1409695;1;6;6;44
https://terem-pro.ru/catalog/kottedzhi;13;1688;643;2780;6082;24051;3;10;26;64
https://sk-aprel.ru/catalog;14;1248;164;2023;4280;13253;6;25;88;341
https://s-m-r.ru/;15;1194;282;1274;2624;8916;98;266;406;1025
https://home-projects.ru/;16;853;651;3156;6639;18923;26;89;221;1108
https://домромановых.москва/;17;8;18;58;172;1943;11;20;36;390
https://gdvl.ru/;18;195;112;896;2247;10316;8;13;29;258
https://москва.вологодскоезодчество.рф/;19;106;29;245;655;1925;3;8;14;181
https://prodommos.ru/;20;34;16;130;333;1612;13;110;274;1194
https://is-stroi.ru/;21;5;13;25;38;488;12;16;20;298
https://dom-stroi.ru/;22;498;73;1011;2497;11156;18;37;76;563
https://domochadez.ru/;23;4;2;6;24;707;2;4;18;567
https://vfstroy.ru/;24;436;291;2199;4618;13557;5;8;16;202
https://buildmile.ru/catalog;25;7;8;52;124;1440;1;11;35;346
https://dzen.ru/a/Wq9zAxaKkSJvhckj;26;15499546;3129231;16429978;28667808;54249370;9;54;116;213
https://brus.ru/;27;11;13;40;71;790;4;7;11;154
https://domrnr.ru/;28;165;145;919;2315;13602;8;27;58;473
https://s-troya.com/;29;26;11;54;175;2707;8;26;51;358
https://brusina.ru/;30;839;548;1638;3003;10932;71;203;353;1002
https://liderdach.ru/;31;46;11;70;151;885;10;44;78;415
https://sns-dom.ru/;32;3;2;16;72;1136;1;2;4;167
https://m-su.ru/;33;47;39;342;923;5345;5;23;62;678
https://ooo-master.ru/;34;76;52;116;251;1582;44;66;107;586
https://bako.ru/;35;39;26;146;454;2426;17;28;62;460
https://acpdom.ru/;36;52;11;156;558;6451;3;3;3;109
https://evdokimovdom.ru/;37;12;21;41;100;1335;21;32;70;866
https://stroimdom.com/;38;33;12;73;224;1892;11;20;33;258
https://drevdom.ru/;39;2;9;18;24;304;9;12;15;124
https://b-h-c.ru/;40;137;123;644;1531;7182;13;16;26;99
